"sample","fastq_1","fastq_2","run_accession","experiment_accession","sample_accession","secondary_sample_accession","study_accession","secondary_study_accession","submission_accession","run_alias","experiment_alias","sample_alias","study_alias","library_layout","library_selection","library_source","library_strategy","library_name","instrument_model","instrument_platform","base_count","read_count","tax_id","scientific_name","sample_title","experiment_title","study_title","sample_description","fastq_md5","fastq_bytes","fastq_ftp","fastq_galaxy","fastq_aspera"
"SRX5644304","/gscratch/scrubbed/strigg/analyses/20240925/fastq/SRX5644304_SRR8856685_1.fastq.gz","/gscratch/scrubbed/strigg/analyses/20240925/fastq/SRX5644304_SRR8856685_2.fastq.gz","SRR8856685","SRX5644304","SAMN11031730","SRS4590033","PRJNA516210","SRP190910","SRA869703","Os13_1_paired.fq.gz","Os13","RACcg","PRJNA516210","PAIRED","cDNA","TRANSCRIPTOMIC","RNA-Seq","Os13","Illumina HiSeq 2000","ILLUMINA","3125616847","15556411","29159","Magallana gigas","Invertebrate sample from Crassostrea gigas","Illumina HiSeq 2000 sequencing: RNA-Seq of gill tissue from C. gigas","Crassostrea gigas Assembly","Invertebrate sample from Crassostrea gigas","fc70e2a54d1f9213c6dcffccd0f3c6b3;44f0448322c3c65c042cd576d6952e29","1403331747;1404239322","ftp.sra.ebi.ac.uk/vol1/fastq/SRR885/005/SRR8856685/SRR8856685_1.fastq.gz;ftp.sra.ebi.ac.uk/vol1/fastq/SRR885/005/SRR8856685/SRR8856685_2.fastq.gz","ftp.sra.ebi.ac.uk/vol1/fastq/SRR885/005/SRR8856685/SRR8856685_1.fastq.gz;ftp.sra.ebi.ac.uk/vol1/fastq/SRR885/005/SRR8856685/SRR8856685_2.fastq.gz","fasp.sra.ebi.ac.uk:/vol1/fastq/SRR885/005/SRR8856685/SRR8856685_1.fastq.gz;fasp.sra.ebi.ac.uk:/vol1/fastq/SRR885/005/SRR8856685/SRR8856685_2.fastq.gz"
"SRX5644305","/gscratch/scrubbed/strigg/analyses/20240925/fastq/SRX5644305_SRR8856684_1.fastq.gz","/gscratch/scrubbed/strigg/analyses/20240925/fastq/SRX5644305_SRR8856684_2.fastq.gz","SRR8856684","SRX5644305","SAMN11031730","SRS4590033","PRJNA516210","SRP190910","SRA869703","Os14_1_paired.fq.gz","Os14","RACcg","PRJNA516210","PAIRED","cDNA","TRANSCRIPTOMIC","RNA-Seq","Os14","Illumina HiSeq 2000","ILLUMINA","1604482965","7987956","29159","Magallana gigas","Invertebrate sample from Crassostrea gigas","Illumina HiSeq 2000 sequencing: RNA-Seq of gill tissue from C. gigas","Crassostrea gigas Assembly","Invertebrate sample from Crassostrea gigas","4c5cb14d3e8fb523f7fcf18227e672b6;8f384961314af08108f675438fac1818","724216822;730187024","ftp.sra.ebi.ac.uk/vol1/fastq/SRR885/004/SRR8856684/SRR8856684_1.fastq.gz;ftp.sra.ebi.ac.uk/vol1/fastq/SRR885/004/SRR8856684/SRR8856684_2.fastq.gz","ftp.sra.ebi.ac.uk/vol1/fastq/SRR885/004/SRR8856684/SRR8856684_1.fastq.gz;ftp.sra.ebi.ac.uk/vol1/fastq/SRR885/004/SRR8856684/SRR8856684_2.fastq.gz","fasp.sra.ebi.ac.uk:/vol1/fastq/SRR885/004/SRR8856684/SRR8856684_1.fastq.gz;fasp.sra.ebi.ac.uk:/vol1/fastq/SRR885/004/SRR8856684/SRR8856684_2.fastq.gz"
"SRX5644306","/gscratch/scrubbed/strigg/analyses/20240925/fastq/SRX5644306_SRR8856683_1.fastq.gz","/gscratch/scrubbed/strigg/analyses/20240925/fastq/SRX5644306_SRR8856683_2.fastq.gz","SRR8856683","SRX5644306","SAMN11031730","SRS4590033","PRJNA516210","SRP190910","SRA869703","Os11_1_paired.fq.gz","Os11","RACcg","PRJNA516210","PAIRED","cDNA","TRANSCRIPTOMIC","RNA-Seq","Os11","Illumina HiSeq 2000","ILLUMINA","2678189224","13331940","29159","Magallana gigas","Invertebrate sample from Crassostrea gigas","Illumina HiSeq 2000 sequencing: RNA-Seq of gill tissue from C. gigas","Crassostrea gigas Assembly","Invertebrate sample from Crassostrea gigas","9f8055a41ecc87595906a88233d28165;14cba077cd552222db619f85b63c3a59","1210133449;1202265749","ftp.sra.ebi.ac.uk/vol1/fastq/SRR885/003/SRR8856683/SRR8856683_1.fastq.gz;ftp.sra.ebi.ac.uk/vol1/fastq/SRR885/003/SRR8856683/SRR8856683_2.fastq.gz","ftp.sra.ebi.ac.uk/vol1/fastq/SRR885/003/SRR8856683/SRR8856683_1.fastq.gz;ftp.sra.ebi.ac.uk/vol1/fastq/SRR885/003/SRR8856683/SRR8856683_2.fastq.gz","fasp.sra.ebi.ac.uk:/vol1/fastq/SRR885/003/SRR8856683/SRR8856683_1.fastq.gz;fasp.sra.ebi.ac.uk:/vol1/fastq/SRR885/003/SRR8856683/SRR8856683_2.fastq.gz"
"SRX5644307","/gscratch/scrubbed/strigg/analyses/20240925/fastq/SRX5644307_SRR8856682_1.fastq.gz","/gscratch/scrubbed/strigg/analyses/20240925/fastq/SRX5644307_SRR8856682_2.fastq.gz","SRR8856682","SRX5644307","SAMN11031730","SRS4590033","PRJNA516210","SRP190910","SRA869703","Os12_1_paired.fq.gz","Os12","RACcg","PRJNA516210","PAIRED","cDNA","TRANSCRIPTOMIC","RNA-Seq","Os12","Illumina HiSeq 2000","ILLUMINA","1513853388","7532718","29159","Magallana gigas","Invertebrate sample from Crassostrea gigas","Illumina HiSeq 2000 sequencing: RNA-Seq of gill tissue from C. gigas","Crassostrea gigas Assembly","Invertebrate sample from Crassostrea gigas","72a82dac49bfe3de3c6c2695bc62c00b;8a621516bd711fa4e6731d896d5d8d87","681612831;674382462","ftp.sra.ebi.ac.uk/vol1/fastq/SRR885/002/SRR8856682/SRR8856682_1.fastq.gz;ftp.sra.ebi.ac.uk/vol1/fastq/SRR885/002/SRR8856682/SRR8856682_2.fastq.gz","ftp.sra.ebi.ac.uk/vol1/fastq/SRR885/002/SRR8856682/SRR8856682_1.fastq.gz;ftp.sra.ebi.ac.uk/vol1/fastq/SRR885/002/SRR8856682/SRR8856682_2.fastq.gz","fasp.sra.ebi.ac.uk:/vol1/fastq/SRR885/002/SRR8856682/SRR8856682_1.fastq.gz;fasp.sra.ebi.ac.uk:/vol1/fastq/SRR885/002/SRR8856682/SRR8856682_2.fastq.gz"
"SRX5644308","/gscratch/scrubbed/strigg/analyses/20240925/fastq/SRX5644308_SRR8856681_1.fastq.gz","/gscratch/scrubbed/strigg/analyses/20240925/fastq/SRX5644308_SRR8856681_2.fastq.gz","SRR8856681","SRX5644308","SAMN11031730","SRS4590033","PRJNA516210","SRP190910","SRA869703","Os19_1_paired.fq.gz","Os19","RACcg","PRJNA516210","PAIRED","cDNA","TRANSCRIPTOMIC","RNA-Seq","Os19","Illumina HiSeq 2000","ILLUMINA","2487032727","12381791","29159","Magallana gigas","Invertebrate sample from Crassostrea gigas","Illumina HiSeq 2000 sequencing: RNA-Seq of gill tissue from C. gigas","Crassostrea gigas Assembly","Invertebrate sample from Crassostrea gigas","4e1d806e4a653e1823edf41d48652c64;2d47b00983c043760d25254ab4bd2df8","1121897386;1126879973","ftp.sra.ebi.ac.uk/vol1/fastq/SRR885/001/SRR8856681/SRR8856681_1.fastq.gz;ftp.sra.ebi.ac.uk/vol1/fastq/SRR885/001/SRR8856681/SRR8856681_2.fastq.gz","ftp.sra.ebi.ac.uk/vol1/fastq/SRR885/001/SRR8856681/SRR8856681_1.fastq.gz;ftp.sra.ebi.ac.uk/vol1/fastq/SRR885/001/SRR8856681/SRR8856681_2.fastq.gz","fasp.sra.ebi.ac.uk:/vol1/fastq/SRR885/001/SRR8856681/SRR8856681_1.fastq.gz;fasp.sra.ebi.ac.uk:/vol1/fastq/SRR885/001/SRR8856681/SRR8856681_2.fastq.gz"
"SRX5644309","/gscratch/scrubbed/strigg/analyses/20240925/fastq/SRX5644309_SRR8856680_1.fastq.gz","/gscratch/scrubbed/strigg/analyses/20240925/fastq/SRX5644309_SRR8856680_2.fastq.gz","SRR8856680","SRX5644309","SAMN11031730","SRS4590033","PRJNA516210","SRP190910","SRA869703","Os20_1_paired.fq.gz","Os20","RACcg","PRJNA516210","PAIRED","cDNA","TRANSCRIPTOMIC","RNA-Seq","Os20","Illumina HiSeq 2000","ILLUMINA","4039753137","20117272","29159","Magallana gigas","Invertebrate sample from Crassostrea gigas","Illumina HiSeq 2000 sequencing: RNA-Seq of gill tissue from C. gigas","Crassostrea gigas Assembly","Invertebrate sample from Crassostrea gigas","7a9fef02627a1ea4ae444fc95013fd4a;76596208fc6aa1a1346d2616e80816b1","1817820686;1824026678","ftp.sra.ebi.ac.uk/vol1/fastq/SRR885/000/SRR8856680/SRR8856680_1.fastq.gz;ftp.sra.ebi.ac.uk/vol1/fastq/SRR885/000/SRR8856680/SRR8856680_2.fastq.gz","ftp.sra.ebi.ac.uk/vol1/fastq/SRR885/000/SRR8856680/SRR8856680_1.fastq.gz;ftp.sra.ebi.ac.uk/vol1/fastq/SRR885/000/SRR8856680/SRR8856680_2.fastq.gz","fasp.sra.ebi.ac.uk:/vol1/fastq/SRR885/000/SRR8856680/SRR8856680_1.fastq.gz;fasp.sra.ebi.ac.uk:/vol1/fastq/SRR885/000/SRR8856680/SRR8856680_2.fastq.gz"
"SRX5644310","/gscratch/scrubbed/strigg/analyses/20240925/fastq/SRX5644310_SRR8856679_1.fastq.gz","/gscratch/scrubbed/strigg/analyses/20240925/fastq/SRX5644310_SRR8856679_2.fastq.gz","SRR8856679","SRX5644310","SAMN11031730","SRS4590033","PRJNA516210","SRP190910","SRA869703","Os5_1_paired.fq.gz","Os5","RACcg","PRJNA516210","PAIRED","cDNA","TRANSCRIPTOMIC","RNA-Seq","Os5","Illumina HiSeq 2000","ILLUMINA","2887784945","14373547","29159","Magallana gigas","Invertebrate sample from Crassostrea gigas","Illumina HiSeq 2000 sequencing: RNA-Seq of gill tissue from C. gigas","Crassostrea gigas Assembly","Invertebrate sample from Crassostrea gigas","0573f2cc0b8aac5413a2bb22919ebbed;93610c28f91d265cfe4c6f64234ed529","1299185905;1289427407","ftp.sra.ebi.ac.uk/vol1/fastq/SRR885/009/SRR8856679/SRR8856679_1.fastq.gz;ftp.sra.ebi.ac.uk/vol1/fastq/SRR885/009/SRR8856679/SRR8856679_2.fastq.gz","ftp.sra.ebi.ac.uk/vol1/fastq/SRR885/009/SRR8856679/SRR8856679_1.fastq.gz;ftp.sra.ebi.ac.uk/vol1/fastq/SRR885/009/SRR8856679/SRR8856679_2.fastq.gz","fasp.sra.ebi.ac.uk:/vol1/fastq/SRR885/009/SRR8856679/SRR8856679_1.fastq.gz;fasp.sra.ebi.ac.uk:/vol1/fastq/SRR885/009/SRR8856679/SRR8856679_2.fastq.gz"
"SRX5644311","/gscratch/scrubbed/strigg/analyses/20240925/fastq/SRX5644311_SRR8856678_1.fastq.gz","/gscratch/scrubbed/strigg/analyses/20240925/fastq/SRX5644311_SRR8856678_2.fastq.gz","SRR8856678","SRX5644311","SAMN11031730","SRS4590033","PRJNA516210","SRP190910","SRA869703","Os6_1_paired.fq.gz","Os6","RACcg","PRJNA516210","PAIRED","cDNA","TRANSCRIPTOMIC","RNA-Seq","Os6","Illumina HiSeq 2000","ILLUMINA","3116682508","15513587","29159","Magallana gigas","Invertebrate sample from Crassostrea gigas","Illumina HiSeq 2000 sequencing: RNA-Seq of gill tissue from C. gigas","Crassostrea gigas Assembly","Invertebrate sample from Crassostrea gigas","20c61a7d48d360c78d45464347249473;e8c6ebdbfaae6db07ed236318db0b255","1397871253;1385301511","ftp.sra.ebi.ac.uk/vol1/fastq/SRR885/008/SRR8856678/SRR8856678_1.fastq.gz;ftp.sra.ebi.ac.uk/vol1/fastq/SRR885/008/SRR8856678/SRR8856678_2.fastq.gz","ftp.sra.ebi.ac.uk/vol1/fastq/SRR885/008/SRR8856678/SRR8856678_1.fastq.gz;ftp.sra.ebi.ac.uk/vol1/fastq/SRR885/008/SRR8856678/SRR8856678_2.fastq.gz","fasp.sra.ebi.ac.uk:/vol1/fastq/SRR885/008/SRR8856678/SRR8856678_1.fastq.gz;fasp.sra.ebi.ac.uk:/vol1/fastq/SRR885/008/SRR8856678/SRR8856678_2.fastq.gz"
"SRX5644312","/gscratch/scrubbed/strigg/analyses/20240925/fastq/SRX5644312_SRR8856677_1.fastq.gz","/gscratch/scrubbed/strigg/analyses/20240925/fastq/SRX5644312_SRR8856677_2.fastq.gz","SRR8856677","SRX5644312","SAMN11031730","SRS4590033","PRJNA516210","SRP190910","SRA869703","Os7_1_paired.fq.gz","Os7","RACcg","PRJNA516210","PAIRED","cDNA","TRANSCRIPTOMIC","RNA-Seq","Os7","Illumina HiSeq 2000","ILLUMINA","2575360876","12811280","29159","Magallana gigas","Invertebrate sample from Crassostrea gigas","Illumina HiSeq 2000 sequencing: RNA-Seq of gill tissue from C. gigas","Crassostrea gigas Assembly","Invertebrate sample from Crassostrea gigas","9a1baff5af99f38173c8640b2f25700f;8175e4bcbc97e9a2064020a416dce9f1","1152965914;1144522701","ftp.sra.ebi.ac.uk/vol1/fastq/SRR885/007/SRR8856677/SRR8856677_1.fastq.gz;ftp.sra.ebi.ac.uk/vol1/fastq/SRR885/007/SRR8856677/SRR8856677_2.fastq.gz","ftp.sra.ebi.ac.uk/vol1/fastq/SRR885/007/SRR8856677/SRR8856677_1.fastq.gz;ftp.sra.ebi.ac.uk/vol1/fastq/SRR885/007/SRR8856677/SRR8856677_2.fastq.gz","fasp.sra.ebi.ac.uk:/vol1/fastq/SRR885/007/SRR8856677/SRR8856677_1.fastq.gz;fasp.sra.ebi.ac.uk:/vol1/fastq/SRR885/007/SRR8856677/SRR8856677_2.fastq.gz"
"SRX5644313","/gscratch/scrubbed/strigg/analyses/20240925/fastq/SRX5644313_SRR8856676_1.fastq.gz","/gscratch/scrubbed/strigg/analyses/20240925/fastq/SRX5644313_SRR8856676_2.fastq.gz","SRR8856676","SRX5644313","SAMN11031730","SRS4590033","PRJNA516210","SRP190910","SRA869703","Os8_1_paired.fq.gz","Os8","RACcg","PRJNA516210","PAIRED","cDNA","TRANSCRIPTOMIC","RNA-Seq","Os8","Illumina HiSeq 2000","ILLUMINA","3673151146","18278947","29159","Magallana gigas","Invertebrate sample from Crassostrea gigas","Illumina HiSeq 2000 sequencing: RNA-Seq of gill tissue from C. gigas","Crassostrea gigas Assembly","Invertebrate sample from Crassostrea gigas","9546b60b053f3f4bc1537fdd55d76e6d;102ae673e91bb79849b4a1d4d5611d9d","1651249002;1638538334","ftp.sra.ebi.ac.uk/vol1/fastq/SRR885/006/SRR8856676/SRR8856676_1.fastq.gz;ftp.sra.ebi.ac.uk/vol1/fastq/SRR885/006/SRR8856676/SRR8856676_2.fastq.gz","ftp.sra.ebi.ac.uk/vol1/fastq/SRR885/006/SRR8856676/SRR8856676_1.fastq.gz;ftp.sra.ebi.ac.uk/vol1/fastq/SRR885/006/SRR8856676/SRR8856676_2.fastq.gz","fasp.sra.ebi.ac.uk:/vol1/fastq/SRR885/006/SRR8856676/SRR8856676_1.fastq.gz;fasp.sra.ebi.ac.uk:/vol1/fastq/SRR885/006/SRR8856676/SRR8856676_2.fastq.gz"
"SRX5644314","/gscratch/scrubbed/strigg/analyses/20240925/fastq/SRX5644314_SRR8856675_1.fastq.gz","/gscratch/scrubbed/strigg/analyses/20240925/fastq/SRX5644314_SRR8856675_2.fastq.gz","SRR8856675","SRX5644314","SAMN11031730","SRS4590033","PRJNA516210","SRP190910","SRA869703","Os1_1_paired.fq.gz","Os1","RACcg","PRJNA516210","PAIRED","cDNA","TRANSCRIPTOMIC","RNA-Seq","Os1","Illumina HiSeq 2000","ILLUMINA","1861934818","9266172","29159","Magallana gigas","Invertebrate sample from Crassostrea gigas","Illumina HiSeq 2000 sequencing: RNA-Seq of gill tissue from C. gigas","Crassostrea gigas Assembly","Invertebrate sample from Crassostrea gigas","409cbd7fe7db4ddeb0202e93bb444ca8;c452586dda75e6971453b1e01556ffa3","838770170;832276240","ftp.sra.ebi.ac.uk/vol1/fastq/SRR885/005/SRR8856675/SRR8856675_1.fastq.gz;ftp.sra.ebi.ac.uk/vol1/fastq/SRR885/005/SRR8856675/SRR8856675_2.fastq.gz","ftp.sra.ebi.ac.uk/vol1/fastq/SRR885/005/SRR8856675/SRR8856675_1.fastq.gz;ftp.sra.ebi.ac.uk/vol1/fastq/SRR885/005/SRR8856675/SRR8856675_2.fastq.gz","fasp.sra.ebi.ac.uk:/vol1/fastq/SRR885/005/SRR8856675/SRR8856675_1.fastq.gz;fasp.sra.ebi.ac.uk:/vol1/fastq/SRR885/005/SRR8856675/SRR8856675_2.fastq.gz"
"SRX5644315","/gscratch/scrubbed/strigg/analyses/20240925/fastq/SRX5644315_SRR8856674_1.fastq.gz","/gscratch/scrubbed/strigg/analyses/20240925/fastq/SRX5644315_SRR8856674_2.fastq.gz","SRR8856674","SRX5644315","SAMN11031730","SRS4590033","PRJNA516210","SRP190910","SRA869703","Os2_1_paired.fq.gz","Os2","RACcg","PRJNA516210","PAIRED","cDNA","TRANSCRIPTOMIC","RNA-Seq","Os2","Illumina HiSeq 2000","ILLUMINA","2170166158","10800586","29159","Magallana gigas","Invertebrate sample from Crassostrea gigas","Illumina HiSeq 2000 sequencing: RNA-Seq of gill tissue from C. gigas","Crassostrea gigas Assembly","Invertebrate sample from Crassostrea gigas","b128a354ef82163694ba45f19614187f;288c9851cf00de098a9e7c4b4fbb6a23","977358413;970892483","ftp.sra.ebi.ac.uk/vol1/fastq/SRR885/004/SRR8856674/SRR8856674_1.fastq.gz;ftp.sra.ebi.ac.uk/vol1/fastq/SRR885/004/SRR8856674/SRR8856674_2.fastq.gz","ftp.sra.ebi.ac.uk/vol1/fastq/SRR885/004/SRR8856674/SRR8856674_1.fastq.gz;ftp.sra.ebi.ac.uk/vol1/fastq/SRR885/004/SRR8856674/SRR8856674_2.fastq.gz","fasp.sra.ebi.ac.uk:/vol1/fastq/SRR885/004/SRR8856674/SRR8856674_1.fastq.gz;fasp.sra.ebi.ac.uk:/vol1/fastq/SRR885/004/SRR8856674/SRR8856674_2.fastq.gz"
"SRX5644316","/gscratch/scrubbed/strigg/analyses/20240925/fastq/SRX5644316_SRR8856673_1.fastq.gz","/gscratch/scrubbed/strigg/analyses/20240925/fastq/SRX5644316_SRR8856673_2.fastq.gz","SRR8856673","SRX5644316","SAMN11031730","SRS4590033","PRJNA516210","SRP190910","SRA869703","Os3_1_paired.fq.gz","Os3","RACcg","PRJNA516210","PAIRED","cDNA","TRANSCRIPTOMIC","RNA-Seq","Os3","Illumina HiSeq 2000","ILLUMINA","2802440299","13949240","29159","Magallana gigas","Invertebrate sample from Crassostrea gigas","Illumina HiSeq 2000 sequencing: RNA-Seq of gill tissue from C. gigas","Crassostrea gigas Assembly","Invertebrate sample from Crassostrea gigas","30f66b9ac7ea8e802760dd9def79fd28;fb0a9ddd0d4e17ed99b0df2467493803","1266003394;1254514375","ftp.sra.ebi.ac.uk/vol1/fastq/SRR885/003/SRR8856673/SRR8856673_1.fastq.gz;ftp.sra.ebi.ac.uk/vol1/fastq/SRR885/003/SRR8856673/SRR8856673_2.fastq.gz","ftp.sra.ebi.ac.uk/vol1/fastq/SRR885/003/SRR8856673/SRR8856673_1.fastq.gz;ftp.sra.ebi.ac.uk/vol1/fastq/SRR885/003/SRR8856673/SRR8856673_2.fastq.gz","fasp.sra.ebi.ac.uk:/vol1/fastq/SRR885/003/SRR8856673/SRR8856673_1.fastq.gz;fasp.sra.ebi.ac.uk:/vol1/fastq/SRR885/003/SRR8856673/SRR8856673_2.fastq.gz"
"SRX5644317","/gscratch/scrubbed/strigg/analyses/20240925/fastq/SRX5644317_SRR8856672_1.fastq.gz","/gscratch/scrubbed/strigg/analyses/20240925/fastq/SRX5644317_SRR8856672_2.fastq.gz","SRR8856672","SRX5644317","SAMN11031730","SRS4590033","PRJNA516210","SRP190910","SRA869703","Os4_1_paired.fq.gz","Os4","RACcg","PRJNA516210","PAIRED","cDNA","TRANSCRIPTOMIC","RNA-Seq","Os4","Illumina HiSeq 2000","ILLUMINA","3195425279","15902640","29159","Magallana gigas","Invertebrate sample from Crassostrea gigas","Illumina HiSeq 2000 sequencing: RNA-Seq of gill tissue from C. gigas","Crassostrea gigas Assembly","Invertebrate sample from Crassostrea gigas","7e85b37db4eee26e3094cc7b34d42149;2ef0385fb7803b81b20dbb63fc7752d1","1437926340;1422754436","ftp.sra.ebi.ac.uk/vol1/fastq/SRR885/002/SRR8856672/SRR8856672_1.fastq.gz;ftp.sra.ebi.ac.uk/vol1/fastq/SRR885/002/SRR8856672/SRR8856672_2.fastq.gz","ftp.sra.ebi.ac.uk/vol1/fastq/SRR885/002/SRR8856672/SRR8856672_1.fastq.gz;ftp.sra.ebi.ac.uk/vol1/fastq/SRR885/002/SRR8856672/SRR8856672_2.fastq.gz","fasp.sra.ebi.ac.uk:/vol1/fastq/SRR885/002/SRR8856672/SRR8856672_1.fastq.gz;fasp.sra.ebi.ac.uk:/vol1/fastq/SRR885/002/SRR8856672/SRR8856672_2.fastq.gz"
"SRX5644318","/gscratch/scrubbed/strigg/analyses/20240925/fastq/SRX5644318_SRR8856671_1.fastq.gz","/gscratch/scrubbed/strigg/analyses/20240925/fastq/SRX5644318_SRR8856671_2.fastq.gz","SRR8856671","SRX5644318","SAMN11031730","SRS4590033","PRJNA516210","SRP190910","SRA869703","Os9_1_paired.fq.gz","Os9","RACcg","PRJNA516210","PAIRED","cDNA","TRANSCRIPTOMIC","RNA-Seq","Os9","Illumina HiSeq 2000","ILLUMINA","2974841551","14806529","29159","Magallana gigas","Invertebrate sample from Crassostrea gigas","Illumina HiSeq 2000 sequencing: RNA-Seq of gill tissue from C. gigas","Crassostrea gigas Assembly","Invertebrate sample from Crassostrea gigas","555035fbb5af05e5541c3554eadbecdd;2713c163c43c018bb828728f52fbd1a9","1344074507;1334073218","ftp.sra.ebi.ac.uk/vol1/fastq/SRR885/001/SRR8856671/SRR8856671_1.fastq.gz;ftp.sra.ebi.ac.uk/vol1/fastq/SRR885/001/SRR8856671/SRR8856671_2.fastq.gz","ftp.sra.ebi.ac.uk/vol1/fastq/SRR885/001/SRR8856671/SRR8856671_1.fastq.gz;ftp.sra.ebi.ac.uk/vol1/fastq/SRR885/001/SRR8856671/SRR8856671_2.fastq.gz","fasp.sra.ebi.ac.uk:/vol1/fastq/SRR885/001/SRR8856671/SRR8856671_1.fastq.gz;fasp.sra.ebi.ac.uk:/vol1/fastq/SRR885/001/SRR8856671/SRR8856671_2.fastq.gz"
"SRX5644319","/gscratch/scrubbed/strigg/analyses/20240925/fastq/SRX5644319_SRR8856670_1.fastq.gz","/gscratch/scrubbed/strigg/analyses/20240925/fastq/SRX5644319_SRR8856670_2.fastq.gz","SRR8856670","SRX5644319","SAMN11031730","SRS4590033","PRJNA516210","SRP190910","SRA869703","Os10_1_paired.fq.gz","Os10","RACcg","PRJNA516210","PAIRED","cDNA","TRANSCRIPTOMIC","RNA-Seq","Os10","Illumina HiSeq 2000","ILLUMINA","2108604347","10496442","29159","Magallana gigas","Invertebrate sample from Crassostrea gigas","Illumina HiSeq 2000 sequencing: RNA-Seq of gill tissue from C. gigas","Crassostrea gigas Assembly","Invertebrate sample from Crassostrea gigas","fa056bd1ad0dd9729a83c4433271a6a4;cb0da8881aa13b2a6086a2e48f6da522","953700633;948332623","ftp.sra.ebi.ac.uk/vol1/fastq/SRR885/000/SRR8856670/SRR8856670_1.fastq.gz;ftp.sra.ebi.ac.uk/vol1/fastq/SRR885/000/SRR8856670/SRR8856670_2.fastq.gz","ftp.sra.ebi.ac.uk/vol1/fastq/SRR885/000/SRR8856670/SRR8856670_1.fastq.gz;ftp.sra.ebi.ac.uk/vol1/fastq/SRR885/000/SRR8856670/SRR8856670_2.fastq.gz","fasp.sra.ebi.ac.uk:/vol1/fastq/SRR885/000/SRR8856670/SRR8856670_1.fastq.gz;fasp.sra.ebi.ac.uk:/vol1/fastq/SRR885/000/SRR8856670/SRR8856670_2.fastq.gz"
"SRX5644320","/gscratch/scrubbed/strigg/analyses/20240925/fastq/SRX5644320_SRR8856669_1.fastq.gz","/gscratch/scrubbed/strigg/analyses/20240925/fastq/SRX5644320_SRR8856669_2.fastq.gz","SRR8856669","SRX5644320","SAMN11031730","SRS4590033","PRJNA516210","SRP190910","SRA869703","Os24_1_paired.fq.gz","Os24","RACcg","PRJNA516210","PAIRED","cDNA","TRANSCRIPTOMIC","RNA-Seq","Os24","Illumina HiSeq 2000","ILLUMINA","2307349433","11485124","29159","Magallana gigas","Invertebrate sample from Crassostrea gigas","Illumina HiSeq 2000 sequencing: RNA-Seq of gill tissue from C. gigas","Crassostrea gigas Assembly","Invertebrate sample from Crassostrea gigas","d85484accd9068825cc12be8a531bd99;8fb3aff955f485fa14c4810b842c53fd","975116342;975161237","ftp.sra.ebi.ac.uk/vol1/fastq/SRR885/009/SRR8856669/SRR8856669_1.fastq.gz;ftp.sra.ebi.ac.uk/vol1/fastq/SRR885/009/SRR8856669/SRR8856669_2.fastq.gz","ftp.sra.ebi.ac.uk/vol1/fastq/SRR885/009/SRR8856669/SRR8856669_1.fastq.gz;ftp.sra.ebi.ac.uk/vol1/fastq/SRR885/009/SRR8856669/SRR8856669_2.fastq.gz","fasp.sra.ebi.ac.uk:/vol1/fastq/SRR885/009/SRR8856669/SRR8856669_1.fastq.gz;fasp.sra.ebi.ac.uk:/vol1/fastq/SRR885/009/SRR8856669/SRR8856669_2.fastq.gz"
"SRX5644321","/gscratch/scrubbed/strigg/analyses/20240925/fastq/SRX5644321_SRR8856668_1.fastq.gz","/gscratch/scrubbed/strigg/analyses/20240925/fastq/SRX5644321_SRR8856668_2.fastq.gz","SRR8856668","SRX5644321","SAMN11031730","SRS4590033","PRJNA516210","SRP190910","SRA869703","Os23_1_paired.fq.gz","Os23","RACcg","PRJNA516210","PAIRED","cDNA","TRANSCRIPTOMIC","RNA-Seq","Os23","Illumina HiSeq 2000","ILLUMINA","1924605420","9580344","29159","Magallana gigas","Invertebrate sample from Crassostrea gigas","Illumina HiSeq 2000 sequencing: RNA-Seq of gill tissue from C. gigas","Crassostrea gigas Assembly","Invertebrate sample from Crassostrea gigas","8549bdea25d9839dc59f4db4f01d81f1;3df1383dec101397560b6d75e4b87c6a","867706875;870018720","ftp.sra.ebi.ac.uk/vol1/fastq/SRR885/008/SRR8856668/SRR8856668_1.fastq.gz;ftp.sra.ebi.ac.uk/vol1/fastq/SRR885/008/SRR8856668/SRR8856668_2.fastq.gz","ftp.sra.ebi.ac.uk/vol1/fastq/SRR885/008/SRR8856668/SRR8856668_1.fastq.gz;ftp.sra.ebi.ac.uk/vol1/fastq/SRR885/008/SRR8856668/SRR8856668_2.fastq.gz","fasp.sra.ebi.ac.uk:/vol1/fastq/SRR885/008/SRR8856668/SRR8856668_1.fastq.gz;fasp.sra.ebi.ac.uk:/vol1/fastq/SRR885/008/SRR8856668/SRR8856668_2.fastq.gz"
"SRX5644322","/gscratch/scrubbed/strigg/analyses/20240925/fastq/SRX5644322_SRR8856667_1.fastq.gz","/gscratch/scrubbed/strigg/analyses/20240925/fastq/SRX5644322_SRR8856667_2.fastq.gz","SRR8856667","SRX5644322","SAMN11031730","SRS4590033","PRJNA516210","SRP190910","SRA869703","Os22_1_paired.fq.gz","Os22","RACcg","PRJNA516210","PAIRED","cDNA","TRANSCRIPTOMIC","RNA-Seq","Os22","Illumina HiSeq 2000","ILLUMINA","1845063155","9183015","29159","Magallana gigas","Invertebrate sample from Crassostrea gigas","Illumina HiSeq 2000 sequencing: RNA-Seq of gill tissue from C. gigas","Crassostrea gigas Assembly","Invertebrate sample from Crassostrea gigas","98a731418296a7650f756e366dfc3d11;a88668b25d31e68a90f158256f74bb4f","823815786;826612408","ftp.sra.ebi.ac.uk/vol1/fastq/SRR885/007/SRR8856667/SRR8856667_1.fastq.gz;ftp.sra.ebi.ac.uk/vol1/fastq/SRR885/007/SRR8856667/SRR8856667_2.fastq.gz","ftp.sra.ebi.ac.uk/vol1/fastq/SRR885/007/SRR8856667/SRR8856667_1.fastq.gz;ftp.sra.ebi.ac.uk/vol1/fastq/SRR885/007/SRR8856667/SRR8856667_2.fastq.gz","fasp.sra.ebi.ac.uk:/vol1/fastq/SRR885/007/SRR8856667/SRR8856667_1.fastq.gz;fasp.sra.ebi.ac.uk:/vol1/fastq/SRR885/007/SRR8856667/SRR8856667_2.fastq.gz"
"SRX5644323","/gscratch/scrubbed/strigg/analyses/20240925/fastq/SRX5644323_SRR8856666_1.fastq.gz","/gscratch/scrubbed/strigg/analyses/20240925/fastq/SRX5644323_SRR8856666_2.fastq.gz","SRR8856666","SRX5644323","SAMN11031730","SRS4590033","PRJNA516210","SRP190910","SRA869703","Os21_1_paired.fq.gz","Os21","RACcg","PRJNA516210","PAIRED","cDNA","TRANSCRIPTOMIC","RNA-Seq","Os21","Illumina HiSeq 2000","ILLUMINA","2248849294","11195751","29159","Magallana gigas","Invertebrate sample from Crassostrea gigas","Illumina HiSeq 2000 sequencing: RNA-Seq of gill tissue from C. gigas","Crassostrea gigas Assembly","Invertebrate sample from Crassostrea gigas","b1838e458985e0db846c6a3c8580ff26;7aa74bc2e0fff61adca118a6ab9bdad6","1014563553;1014609233","ftp.sra.ebi.ac.uk/vol1/fastq/SRR885/006/SRR8856666/SRR8856666_1.fastq.gz;ftp.sra.ebi.ac.uk/vol1/fastq/SRR885/006/SRR8856666/SRR8856666_2.fastq.gz","ftp.sra.ebi.ac.uk/vol1/fastq/SRR885/006/SRR8856666/SRR8856666_1.fastq.gz;ftp.sra.ebi.ac.uk/vol1/fastq/SRR885/006/SRR8856666/SRR8856666_2.fastq.gz","fasp.sra.ebi.ac.uk:/vol1/fastq/SRR885/006/SRR8856666/SRR8856666_1.fastq.gz;fasp.sra.ebi.ac.uk:/vol1/fastq/SRR885/006/SRR8856666/SRR8856666_2.fastq.gz"
"SRX5644324","/gscratch/scrubbed/strigg/analyses/20240925/fastq/SRX5644324_SRR8856665_1.fastq.gz","/gscratch/scrubbed/strigg/analyses/20240925/fastq/SRX5644324_SRR8856665_2.fastq.gz","SRR8856665","SRX5644324","SAMN11031730","SRS4590033","PRJNA516210","SRP190910","SRA869703","Os28_1_paired.fq.gz","Os28","RACcg","PRJNA516210","PAIRED","cDNA","TRANSCRIPTOMIC","RNA-Seq","Os28","Illumina HiSeq 2000","ILLUMINA","2660726362","13251423","29159","Magallana gigas","Invertebrate sample from Crassostrea gigas","Illumina HiSeq 2000 sequencing: RNA-Seq of gill tissue from C. gigas","Crassostrea gigas Assembly","Invertebrate sample from Crassostrea gigas","f1944d5c659f4ced5d06001a718c04b1;93a34f3022daa129aed7639bdae82871","1122357731;1121185473","ftp.sra.ebi.ac.uk/vol1/fastq/SRR885/005/SRR8856665/SRR8856665_1.fastq.gz;ftp.sra.ebi.ac.uk/vol1/fastq/SRR885/005/SRR8856665/SRR8856665_2.fastq.gz","ftp.sra.ebi.ac.uk/vol1/fastq/SRR885/005/SRR8856665/SRR8856665_1.fastq.gz;ftp.sra.ebi.ac.uk/vol1/fastq/SRR885/005/SRR8856665/SRR8856665_2.fastq.gz","fasp.sra.ebi.ac.uk:/vol1/fastq/SRR885/005/SRR8856665/SRR8856665_1.fastq.gz;fasp.sra.ebi.ac.uk:/vol1/fastq/SRR885/005/SRR8856665/SRR8856665_2.fastq.gz"
"SRX5644325","/gscratch/scrubbed/strigg/analyses/20240925/fastq/SRX5644325_SRR8856664_1.fastq.gz","/gscratch/scrubbed/strigg/analyses/20240925/fastq/SRX5644325_SRR8856664_2.fastq.gz","SRR8856664","SRX5644325","SAMN11031730","SRS4590033","PRJNA516210","SRP190910","SRA869703","Os27_1_paired.fq.gz","Os27","RACcg","PRJNA516210","PAIRED","cDNA","TRANSCRIPTOMIC","RNA-Seq","Os27","Illumina HiSeq 2000","ILLUMINA","2448106559","12191788","29159","Magallana gigas","Invertebrate sample from Crassostrea gigas","Illumina HiSeq 2000 sequencing: RNA-Seq of gill tissue from C. gigas","Crassostrea gigas Assembly","Invertebrate sample from Crassostrea gigas","0874ef4b1f5b16b7790bc239b869b52b;c538b4ae1906d5dc093c589b83c29897","1032461282;1031232448","ftp.sra.ebi.ac.uk/vol1/fastq/SRR885/004/SRR8856664/SRR8856664_1.fastq.gz;ftp.sra.ebi.ac.uk/vol1/fastq/SRR885/004/SRR8856664/SRR8856664_2.fastq.gz","ftp.sra.ebi.ac.uk/vol1/fastq/SRR885/004/SRR8856664/SRR8856664_1.fastq.gz;ftp.sra.ebi.ac.uk/vol1/fastq/SRR885/004/SRR8856664/SRR8856664_2.fastq.gz","fasp.sra.ebi.ac.uk:/vol1/fastq/SRR885/004/SRR8856664/SRR8856664_1.fastq.gz;fasp.sra.ebi.ac.uk:/vol1/fastq/SRR885/004/SRR8856664/SRR8856664_2.fastq.gz"
"SRX5644326","/gscratch/scrubbed/strigg/analyses/20240925/fastq/SRX5644326_SRR8856663_1.fastq.gz","/gscratch/scrubbed/strigg/analyses/20240925/fastq/SRX5644326_SRR8856663_2.fastq.gz","SRR8856663","SRX5644326","SAMN11031730","SRS4590033","PRJNA516210","SRP190910","SRA869703","Os26_1_paired.fq.gz","Os26","RACcg","PRJNA516210","PAIRED","cDNA","TRANSCRIPTOMIC","RNA-Seq","Os26","Illumina HiSeq 2000","ILLUMINA","2294727651","11428760","29159","Magallana gigas","Invertebrate sample from Crassostrea gigas","Illumina HiSeq 2000 sequencing: RNA-Seq of gill tissue from C. gigas","Crassostrea gigas Assembly","Invertebrate sample from Crassostrea gigas","a5bca39a1b5ae3863390ff180852ca77;ef82a98ba1f1df6e619b0aaceb53732c","971124345;970928465","ftp.sra.ebi.ac.uk/vol1/fastq/SRR885/003/SRR8856663/SRR8856663_1.fastq.gz;ftp.sra.ebi.ac.uk/vol1/fastq/SRR885/003/SRR8856663/SRR8856663_2.fastq.gz","ftp.sra.ebi.ac.uk/vol1/fastq/SRR885/003/SRR8856663/SRR8856663_1.fastq.gz;ftp.sra.ebi.ac.uk/vol1/fastq/SRR885/003/SRR8856663/SRR8856663_2.fastq.gz","fasp.sra.ebi.ac.uk:/vol1/fastq/SRR885/003/SRR8856663/SRR8856663_1.fastq.gz;fasp.sra.ebi.ac.uk:/vol1/fastq/SRR885/003/SRR8856663/SRR8856663_2.fastq.gz"
"SRX5644327","/gscratch/scrubbed/strigg/analyses/20240925/fastq/SRX5644327_SRR8856662_1.fastq.gz","/gscratch/scrubbed/strigg/analyses/20240925/fastq/SRX5644327_SRR8856662_2.fastq.gz","SRR8856662","SRX5644327","SAMN11031730","SRS4590033","PRJNA516210","SRP190910","SRA869703","Os25_1_paired.fq.gz","Os25","RACcg","PRJNA516210","PAIRED","cDNA","TRANSCRIPTOMIC","RNA-Seq","Os25","Illumina HiSeq 2000","ILLUMINA","2466825422","12285105","29159","Magallana gigas","Invertebrate sample from Crassostrea gigas","Illumina HiSeq 2000 sequencing: RNA-Seq of gill tissue from C. gigas","Crassostrea gigas Assembly","Invertebrate sample from Crassostrea gigas","051315d83b9552271f793eb08689706d;c26dc819a540b5dca4c6cc50df480b9c","1045086882;1044319468","ftp.sra.ebi.ac.uk/vol1/fastq/SRR885/002/SRR8856662/SRR8856662_1.fastq.gz;ftp.sra.ebi.ac.uk/vol1/fastq/SRR885/002/SRR8856662/SRR8856662_2.fastq.gz","ftp.sra.ebi.ac.uk/vol1/fastq/SRR885/002/SRR8856662/SRR8856662_1.fastq.gz;ftp.sra.ebi.ac.uk/vol1/fastq/SRR885/002/SRR8856662/SRR8856662_2.fastq.gz","fasp.sra.ebi.ac.uk:/vol1/fastq/SRR885/002/SRR8856662/SRR8856662_1.fastq.gz;fasp.sra.ebi.ac.uk:/vol1/fastq/SRR885/002/SRR8856662/SRR8856662_2.fastq.gz"
"SRX5644328","/gscratch/scrubbed/strigg/analyses/20240925/fastq/SRX5644328_SRR8856661_1.fastq.gz","/gscratch/scrubbed/strigg/analyses/20240925/fastq/SRX5644328_SRR8856661_2.fastq.gz","SRR8856661","SRX5644328","SAMN11031730","SRS4590033","PRJNA516210","SRP190910","SRA869703","Os30_1_paired.fq.gz","Os30","RACcg","PRJNA516210","PAIRED","cDNA","TRANSCRIPTOMIC","RNA-Seq","Os30","Illumina HiSeq 2000","ILLUMINA","2631984856","13109535","29159","Magallana gigas","Invertebrate sample from Crassostrea gigas","Illumina HiSeq 2000 sequencing: RNA-Seq of gill tissue from C. gigas","Crassostrea gigas Assembly","Invertebrate sample from Crassostrea gigas","9d7a43d16d1439386c9d9bb18bf04454;aeabc1fd37bb9aa980aa46f32f8e4619","1117615487;1115170482","ftp.sra.ebi.ac.uk/vol1/fastq/SRR885/001/SRR8856661/SRR8856661_1.fastq.gz;ftp.sra.ebi.ac.uk/vol1/fastq/SRR885/001/SRR8856661/SRR8856661_2.fastq.gz","ftp.sra.ebi.ac.uk/vol1/fastq/SRR885/001/SRR8856661/SRR8856661_1.fastq.gz;ftp.sra.ebi.ac.uk/vol1/fastq/SRR885/001/SRR8856661/SRR8856661_2.fastq.gz","fasp.sra.ebi.ac.uk:/vol1/fastq/SRR885/001/SRR8856661/SRR8856661_1.fastq.gz;fasp.sra.ebi.ac.uk:/vol1/fastq/SRR885/001/SRR8856661/SRR8856661_2.fastq.gz"
"SRX5644329","/gscratch/scrubbed/strigg/analyses/20240925/fastq/SRX5644329_SRR8856660_1.fastq.gz","/gscratch/scrubbed/strigg/analyses/20240925/fastq/SRX5644329_SRR8856660_2.fastq.gz","SRR8856660","SRX5644329","SAMN11031730","SRS4590033","PRJNA516210","SRP190910","SRA869703","Os29_1_paired.fq.gz","Os29","RACcg","PRJNA516210","PAIRED","cDNA","TRANSCRIPTOMIC","RNA-Seq","Os29","Illumina HiSeq 2000","ILLUMINA","3536769113","17606807","29159","Magallana gigas","Invertebrate sample from Crassostrea gigas","Illumina HiSeq 2000 sequencing: RNA-Seq of gill tissue from C. gigas","Crassostrea gigas Assembly","Invertebrate sample from Crassostrea gigas","b53169f2a7de7f900ca2730397689008;2da22aed89ddbcecf7742955234a797c","1493456917;1491788229","ftp.sra.ebi.ac.uk/vol1/fastq/SRR885/000/SRR8856660/SRR8856660_1.fastq.gz;ftp.sra.ebi.ac.uk/vol1/fastq/SRR885/000/SRR8856660/SRR8856660_2.fastq.gz","ftp.sra.ebi.ac.uk/vol1/fastq/SRR885/000/SRR8856660/SRR8856660_1.fastq.gz;ftp.sra.ebi.ac.uk/vol1/fastq/SRR885/000/SRR8856660/SRR8856660_2.fastq.gz","fasp.sra.ebi.ac.uk:/vol1/fastq/SRR885/000/SRR8856660/SRR8856660_1.fastq.gz;fasp.sra.ebi.ac.uk:/vol1/fastq/SRR885/000/SRR8856660/SRR8856660_2.fastq.gz"
"SRX5644330","/gscratch/scrubbed/strigg/analyses/20240925/fastq/SRX5644330_SRR8856659_1.fastq.gz","/gscratch/scrubbed/strigg/analyses/20240925/fastq/SRX5644330_SRR8856659_2.fastq.gz","SRR8856659","SRX5644330","SAMN11031730","SRS4590033","PRJNA516210","SRP190910","SRA869703","Os35_1_paired.fq.gz","Os35","RACcg","PRJNA516210","PAIRED","cDNA","TRANSCRIPTOMIC","RNA-Seq","Os35","Illumina HiSeq 2000","ILLUMINA","2702933716","13454523","29159","Magallana gigas","Invertebrate sample from Crassostrea gigas","Illumina HiSeq 2000 sequencing: RNA-Seq of gill tissue from C. gigas","Crassostrea gigas Assembly","Invertebrate sample from Crassostrea gigas","2d303e04eaa5fb5a595fd8596d5eb1bd;d65e8b0573b4b8d4cb6707d05692822c","1139303815;1131870643","ftp.sra.ebi.ac.uk/vol1/fastq/SRR885/009/SRR8856659/SRR8856659_1.fastq.gz;ftp.sra.ebi.ac.uk/vol1/fastq/SRR885/009/SRR8856659/SRR8856659_2.fastq.gz","ftp.sra.ebi.ac.uk/vol1/fastq/SRR885/009/SRR8856659/SRR8856659_1.fastq.gz;ftp.sra.ebi.ac.uk/vol1/fastq/SRR885/009/SRR8856659/SRR8856659_2.fastq.gz","fasp.sra.ebi.ac.uk:/vol1/fastq/SRR885/009/SRR8856659/SRR8856659_1.fastq.gz;fasp.sra.ebi.ac.uk:/vol1/fastq/SRR885/009/SRR8856659/SRR8856659_2.fastq.gz"
"SRX5644331","/gscratch/scrubbed/strigg/analyses/20240925/fastq/SRX5644331_SRR8856658_1.fastq.gz","/gscratch/scrubbed/strigg/analyses/20240925/fastq/SRX5644331_SRR8856658_2.fastq.gz","SRR8856658","SRX5644331","SAMN11031730","SRS4590033","PRJNA516210","SRP190910","SRA869703","Os36_1_paired.fq.gz","Os36","RACcg","PRJNA516210","PAIRED","cDNA","TRANSCRIPTOMIC","RNA-Seq","Os36","Illumina HiSeq 2000","ILLUMINA","2795201062","13909200","29159","Magallana gigas","Invertebrate sample from Crassostrea gigas","Illumina HiSeq 2000 sequencing: RNA-Seq of gill tissue from C. gigas","Crassostrea gigas Assembly","Invertebrate sample from Crassostrea gigas","f9793263f1b140475fba65eb564cdb8a;7d56ce174808fdab52c308093218f322","1175415648;1164091296","ftp.sra.ebi.ac.uk/vol1/fastq/SRR885/008/SRR8856658/SRR8856658_1.fastq.gz;ftp.sra.ebi.ac.uk/vol1/fastq/SRR885/008/SRR8856658/SRR8856658_2.fastq.gz","ftp.sra.ebi.ac.uk/vol1/fastq/SRR885/008/SRR8856658/SRR8856658_1.fastq.gz;ftp.sra.ebi.ac.uk/vol1/fastq/SRR885/008/SRR8856658/SRR8856658_2.fastq.gz","fasp.sra.ebi.ac.uk:/vol1/fastq/SRR885/008/SRR8856658/SRR8856658_1.fastq.gz;fasp.sra.ebi.ac.uk:/vol1/fastq/SRR885/008/SRR8856658/SRR8856658_2.fastq.gz"
"SRX5644332","/gscratch/scrubbed/strigg/analyses/20240925/fastq/SRX5644332_SRR8856657_1.fastq.gz","/gscratch/scrubbed/strigg/analyses/20240925/fastq/SRX5644332_SRR8856657_2.fastq.gz","SRR8856657","SRX5644332","SAMN11031730","SRS4590033","PRJNA516210","SRP190910","SRA869703","Os31_1_paired.fq.gz","Os31","RACcg","PRJNA516210","PAIRED","cDNA","TRANSCRIPTOMIC","RNA-Seq","Os31","Illumina HiSeq 2000","ILLUMINA","2099580665","10452191","29159","Magallana gigas","Invertebrate sample from Crassostrea gigas","Illumina HiSeq 2000 sequencing: RNA-Seq of gill tissue from C. gigas","Crassostrea gigas Assembly","Invertebrate sample from Crassostrea gigas","055bec835e141cf86a3363012054f45f;a511f06aeaba2ce586e1aace31ecebfc","887175091;886620957","ftp.sra.ebi.ac.uk/vol1/fastq/SRR885/007/SRR8856657/SRR8856657_1.fastq.gz;ftp.sra.ebi.ac.uk/vol1/fastq/SRR885/007/SRR8856657/SRR8856657_2.fastq.gz","ftp.sra.ebi.ac.uk/vol1/fastq/SRR885/007/SRR8856657/SRR8856657_1.fastq.gz;ftp.sra.ebi.ac.uk/vol1/fastq/SRR885/007/SRR8856657/SRR8856657_2.fastq.gz","fasp.sra.ebi.ac.uk:/vol1/fastq/SRR885/007/SRR8856657/SRR8856657_1.fastq.gz;fasp.sra.ebi.ac.uk:/vol1/fastq/SRR885/007/SRR8856657/SRR8856657_2.fastq.gz"
"SRX5644333","/gscratch/scrubbed/strigg/analyses/20240925/fastq/SRX5644333_SRR8856656_1.fastq.gz","/gscratch/scrubbed/strigg/analyses/20240925/fastq/SRX5644333_SRR8856656_2.fastq.gz","SRR8856656","SRX5644333","SAMN11031730","SRS4590033","PRJNA516210","SRP190910","SRA869703","Os32_1_paired.fq.gz","Os32","RACcg","PRJNA516210","PAIRED","cDNA","TRANSCRIPTOMIC","RNA-Seq","Os32","Illumina HiSeq 2000","ILLUMINA","2707768872","13484246","29159","Magallana gigas","Invertebrate sample from Crassostrea gigas","Illumina HiSeq 2000 sequencing: RNA-Seq of gill tissue from C. gigas","Crassostrea gigas Assembly","Invertebrate sample from Crassostrea gigas","13811ee3485a51502e253dbe5aff0537;509739f359b90b812ebe0a96cc61371b","1145084263;1144445746","ftp.sra.ebi.ac.uk/vol1/fastq/SRR885/006/SRR8856656/SRR8856656_1.fastq.gz;ftp.sra.ebi.ac.uk/vol1/fastq/SRR885/006/SRR8856656/SRR8856656_2.fastq.gz","ftp.sra.ebi.ac.uk/vol1/fastq/SRR885/006/SRR8856656/SRR8856656_1.fastq.gz;ftp.sra.ebi.ac.uk/vol1/fastq/SRR885/006/SRR8856656/SRR8856656_2.fastq.gz","fasp.sra.ebi.ac.uk:/vol1/fastq/SRR885/006/SRR8856656/SRR8856656_1.fastq.gz;fasp.sra.ebi.ac.uk:/vol1/fastq/SRR885/006/SRR8856656/SRR8856656_2.fastq.gz"
"SRX5644334","/gscratch/scrubbed/strigg/analyses/20240925/fastq/SRX5644334_SRR8856655_1.fastq.gz","/gscratch/scrubbed/strigg/analyses/20240925/fastq/SRX5644334_SRR8856655_2.fastq.gz","SRR8856655","SRX5644334","SAMN11031730","SRS4590033","PRJNA516210","SRP190910","SRA869703","Os33_1_paired.fq.gz","Os33","RACcg","PRJNA516210","PAIRED","cDNA","TRANSCRIPTOMIC","RNA-Seq","Os33","Illumina HiSeq 2000","ILLUMINA","2231862836","11109254","29159","Magallana gigas","Invertebrate sample from Crassostrea gigas","Illumina HiSeq 2000 sequencing: RNA-Seq of gill tissue from C. gigas","Crassostrea gigas Assembly","Invertebrate sample from Crassostrea gigas","172cce013c69301b155b35306af53efe;c6c02c4dd0393bd5f4d94f288193cdcd","937635198;934650526","ftp.sra.ebi.ac.uk/vol1/fastq/SRR885/005/SRR8856655/SRR8856655_1.fastq.gz;ftp.sra.ebi.ac.uk/vol1/fastq/SRR885/005/SRR8856655/SRR8856655_2.fastq.gz","ftp.sra.ebi.ac.uk/vol1/fastq/SRR885/005/SRR8856655/SRR8856655_1.fastq.gz;ftp.sra.ebi.ac.uk/vol1/fastq/SRR885/005/SRR8856655/SRR8856655_2.fastq.gz","fasp.sra.ebi.ac.uk:/vol1/fastq/SRR885/005/SRR8856655/SRR8856655_1.fastq.gz;fasp.sra.ebi.ac.uk:/vol1/fastq/SRR885/005/SRR8856655/SRR8856655_2.fastq.gz"
"SRX5644335","/gscratch/scrubbed/strigg/analyses/20240925/fastq/SRX5644335_SRR8856654_1.fastq.gz","/gscratch/scrubbed/strigg/analyses/20240925/fastq/SRX5644335_SRR8856654_2.fastq.gz","SRR8856654","SRX5644335","SAMN11031730","SRS4590033","PRJNA516210","SRP190910","SRA869703","Os34_1_paired.fq.gz","Os34","RACcg","PRJNA516210","PAIRED","cDNA","TRANSCRIPTOMIC","RNA-Seq","Os34","Illumina HiSeq 2000","ILLUMINA","2098584486","10444116","29159","Magallana gigas","Invertebrate sample from Crassostrea gigas","Illumina HiSeq 2000 sequencing: RNA-Seq of gill tissue from C. gigas","Crassostrea gigas Assembly","Invertebrate sample from Crassostrea gigas","17f717d98fa801a546c3bf17616667c4;cf98e6981d1b11589bda71eff4d45895","880196582;872208153","ftp.sra.ebi.ac.uk/vol1/fastq/SRR885/004/SRR8856654/SRR8856654_1.fastq.gz;ftp.sra.ebi.ac.uk/vol1/fastq/SRR885/004/SRR8856654/SRR8856654_2.fastq.gz","ftp.sra.ebi.ac.uk/vol1/fastq/SRR885/004/SRR8856654/SRR8856654_1.fastq.gz;ftp.sra.ebi.ac.uk/vol1/fastq/SRR885/004/SRR8856654/SRR8856654_2.fastq.gz","fasp.sra.ebi.ac.uk:/vol1/fastq/SRR885/004/SRR8856654/SRR8856654_1.fastq.gz;fasp.sra.ebi.ac.uk:/vol1/fastq/SRR885/004/SRR8856654/SRR8856654_2.fastq.gz"
"SRX5644336","/gscratch/scrubbed/strigg/analyses/20240925/fastq/SRX5644336_SRR8856653_1.fastq.gz","/gscratch/scrubbed/strigg/analyses/20240925/fastq/SRX5644336_SRR8856653_2.fastq.gz","SRR8856653","SRX5644336","SAMN11031730","SRS4590033","PRJNA516210","SRP190910","SRA869703","Os17_1_paired.fq.gz","Os17","RACcg","PRJNA516210","PAIRED","cDNA","TRANSCRIPTOMIC","RNA-Seq","Os17","Illumina HiSeq 2000","ILLUMINA","2620634231","13048311","29159","Magallana gigas","Invertebrate sample from Crassostrea gigas","Illumina HiSeq 2000 sequencing: RNA-Seq of gill tissue from C. gigas","Crassostrea gigas Assembly","Invertebrate sample from Crassostrea gigas","a5a53f310e1fba60aec60f81841d1696;f86f6bb28ad703fe54686baaff87a2e9","1178971021;1182981461","ftp.sra.ebi.ac.uk/vol1/fastq/SRR885/003/SRR8856653/SRR8856653_1.fastq.gz;ftp.sra.ebi.ac.uk/vol1/fastq/SRR885/003/SRR8856653/SRR8856653_2.fastq.gz","ftp.sra.ebi.ac.uk/vol1/fastq/SRR885/003/SRR8856653/SRR8856653_1.fastq.gz;ftp.sra.ebi.ac.uk/vol1/fastq/SRR885/003/SRR8856653/SRR8856653_2.fastq.gz","fasp.sra.ebi.ac.uk:/vol1/fastq/SRR885/003/SRR8856653/SRR8856653_1.fastq.gz;fasp.sra.ebi.ac.uk:/vol1/fastq/SRR885/003/SRR8856653/SRR8856653_2.fastq.gz"
"SRX5644337","/gscratch/scrubbed/strigg/analyses/20240925/fastq/SRX5644337_SRR8856652_1.fastq.gz","/gscratch/scrubbed/strigg/analyses/20240925/fastq/SRX5644337_SRR8856652_2.fastq.gz","SRR8856652","SRX5644337","SAMN11031730","SRS4590033","PRJNA516210","SRP190910","SRA869703","Os18_1_paired.fq.gz","Os18","RACcg","PRJNA516210","PAIRED","cDNA","TRANSCRIPTOMIC","RNA-Seq","Os18","Illumina HiSeq 2000","ILLUMINA","3558348930","17720395","29159","Magallana gigas","Invertebrate sample from Crassostrea gigas","Illumina HiSeq 2000 sequencing: RNA-Seq of gill tissue from C. gigas","Crassostrea gigas Assembly","Invertebrate sample from Crassostrea gigas","de278e6b010e4c93cdabbf354cdc8c55;79db6502d6648502991143d1c96499c7","1605069462;1610214174","ftp.sra.ebi.ac.uk/vol1/fastq/SRR885/002/SRR8856652/SRR8856652_1.fastq.gz;ftp.sra.ebi.ac.uk/vol1/fastq/SRR885/002/SRR8856652/SRR8856652_2.fastq.gz","ftp.sra.ebi.ac.uk/vol1/fastq/SRR885/002/SRR8856652/SRR8856652_1.fastq.gz;ftp.sra.ebi.ac.uk/vol1/fastq/SRR885/002/SRR8856652/SRR8856652_2.fastq.gz","fasp.sra.ebi.ac.uk:/vol1/fastq/SRR885/002/SRR8856652/SRR8856652_1.fastq.gz;fasp.sra.ebi.ac.uk:/vol1/fastq/SRR885/002/SRR8856652/SRR8856652_2.fastq.gz"
"SRX5644338","/gscratch/scrubbed/strigg/analyses/20240925/fastq/SRX5644338_SRR8856651_1.fastq.gz","/gscratch/scrubbed/strigg/analyses/20240925/fastq/SRX5644338_SRR8856651_2.fastq.gz","SRR8856651","SRX5644338","SAMN11031730","SRS4590033","PRJNA516210","SRP190910","SRA869703","Os15_1_paired.fq.gz","Os15","RACcg","PRJNA516210","PAIRED","cDNA","TRANSCRIPTOMIC","RNA-Seq","Os15","Illumina HiSeq 2000","ILLUMINA","2259553666","11247707","29159","Magallana gigas","Invertebrate sample from Crassostrea gigas","Illumina HiSeq 2000 sequencing: RNA-Seq of gill tissue from C. gigas","Crassostrea gigas Assembly","Invertebrate sample from Crassostrea gigas","0d79f93e69cc83eed7aedb3ebac7b0e5;d29d164d7efa0f88397bfb6c32b7a8df","1013465427;1015344199","ftp.sra.ebi.ac.uk/vol1/fastq/SRR885/001/SRR8856651/SRR8856651_1.fastq.gz;ftp.sra.ebi.ac.uk/vol1/fastq/SRR885/001/SRR8856651/SRR8856651_2.fastq.gz","ftp.sra.ebi.ac.uk/vol1/fastq/SRR885/001/SRR8856651/SRR8856651_1.fastq.gz;ftp.sra.ebi.ac.uk/vol1/fastq/SRR885/001/SRR8856651/SRR8856651_2.fastq.gz","fasp.sra.ebi.ac.uk:/vol1/fastq/SRR885/001/SRR8856651/SRR8856651_1.fastq.gz;fasp.sra.ebi.ac.uk:/vol1/fastq/SRR885/001/SRR8856651/SRR8856651_2.fastq.gz"
"SRX5644339","/gscratch/scrubbed/strigg/analyses/20240925/fastq/SRX5644339_SRR8856650_1.fastq.gz","/gscratch/scrubbed/strigg/analyses/20240925/fastq/SRX5644339_SRR8856650_2.fastq.gz","SRR8856650","SRX5644339","SAMN11031730","SRS4590033","PRJNA516210","SRP190910","SRA869703","Os16_1_paired.fq.gz","Os16","RACcg","PRJNA516210","PAIRED","cDNA","TRANSCRIPTOMIC","RNA-Seq","Os16","Illumina HiSeq 2000","ILLUMINA","2711303439","13501130","29159","Magallana gigas","Invertebrate sample from Crassostrea gigas","Illumina HiSeq 2000 sequencing: RNA-Seq of gill tissue from C. gigas","Crassostrea gigas Assembly","Invertebrate sample from Crassostrea gigas","2ad61e2ba054836631dffd6868d8afa1;1d295b60aeb5f359a637eb60911836c8","1218949969;1224465774","ftp.sra.ebi.ac.uk/vol1/fastq/SRR885/000/SRR8856650/SRR8856650_1.fastq.gz;ftp.sra.ebi.ac.uk/vol1/fastq/SRR885/000/SRR8856650/SRR8856650_2.fastq.gz","ftp.sra.ebi.ac.uk/vol1/fastq/SRR885/000/SRR8856650/SRR8856650_1.fastq.gz;ftp.sra.ebi.ac.uk/vol1/fastq/SRR885/000/SRR8856650/SRR8856650_2.fastq.gz","fasp.sra.ebi.ac.uk:/vol1/fastq/SRR885/000/SRR8856650/SRR8856650_1.fastq.gz;fasp.sra.ebi.ac.uk:/vol1/fastq/SRR885/000/SRR8856650/SRR8856650_2.fastq.gz"